CREATE TABLE [dbo].[BOOKINGS](
	[BOOKING_ID] [varchar](50) NOT NULL,
	[CUST_ID] [varchar](50) NOT NULL,
	[ROOM_ID] [varchar](50) NOT NULL,
	[BOOKING_DATE] [datetime] NULL,
	[DATE_IN] [datetime] NULL,
	[DATE_OUT] [datetime] NULL,
	[HOTEL_ID] [varchar](50) NOT NULL,
 CONSTRAINT [PK_BOOKINGS] PRIMARY KEY CLUSTERED 
(
	[BOOKING_ID] ASC
)WITH (PAD_INDEX = OFF, STATISTICS_NORECOMPUTE = OFF, IGNORE_DUP_KEY = OFF, ALLOW_ROW_LOCKS = ON, ALLOW_PAGE_LOCKS = ON, OPTIMIZE_FOR_SEQUENTIAL_KEY = OFF) ON [PRIMARY]
) ON [PRIMARY]
GO

INSERT [dbo].[BOOKINGS] ([BOOKING_ID], [CUST_ID], [ROOM_ID], [BOOKING_DATE], [DATE_IN], [DATE_OUT], [HOTEL_ID]) VALUES (N'B001', N'C001', N'R001', CAST(N'2020-03-01T00:00:00.000' AS DateTime), CAST(N'2020-03-01T00:00:00.000' AS DateTime), CAST(N'2020-05-01T00:00:00.000' AS DateTime), N'H001')
GO
INSERT [dbo].[BOOKINGS] ([BOOKING_ID], [CUST_ID], [ROOM_ID], [BOOKING_DATE], [DATE_IN], [DATE_OUT], [HOTEL_ID]) VALUES (N'B002', N'C002', N'R002', CAST(N'2020-04-02T00:00:00.000' AS DateTime), CAST(N'2020-05-02T00:00:00.000' AS DateTime), CAST(N'2020-07-02T00:00:00.000' AS DateTime), N'H002')
GO
INSERT [dbo].[BOOKINGS] ([BOOKING_ID], [CUST_ID], [ROOM_ID], [BOOKING_DATE], [DATE_IN], [DATE_OUT], [HOTEL_ID]) VALUES (N'B003', N'C003', N'R003', CAST(N'2020-05-03T00:00:00.000' AS DateTime), CAST(N'2020-06-03T00:00:00.000' AS DateTime), CAST(N'2020-08-03T00:00:00.000' AS DateTime), N'H003')
GO
INSERT [dbo].[BOOKINGS] ([BOOKING_ID], [CUST_ID], [ROOM_ID], [BOOKING_DATE], [DATE_IN], [DATE_OUT], [HOTEL_ID]) VALUES (N'B004', N'C004', N'R004', CAST(N'2020-06-04T00:00:00.000' AS DateTime), CAST(N'2020-07-04T00:00:00.000' AS DateTime), CAST(N'2020-09-04T00:00:00.000' AS DateTime), N'H004')
GO
INSERT [dbo].[BOOKINGS] ([BOOKING_ID], [CUST_ID], [ROOM_ID], [BOOKING_DATE], [DATE_IN], [DATE_OUT], [HOTEL_ID]) VALUES (N'B005', N'C005', N'R005', CAST(N'2020-07-05T00:00:00.000' AS DateTime), CAST(N'2020-08-05T00:00:00.000' AS DateTime), CAST(N'2020-10-05T00:00:00.000' AS DateTime), N'H005')
GO
INSERT [dbo].[BOOKINGS] ([BOOKING_ID], [CUST_ID], [ROOM_ID], [BOOKING_DATE], [DATE_IN], [DATE_OUT], [HOTEL_ID]) VALUES (N'B006', N'C006', N'R006', CAST(N'2020-08-06T00:00:00.000' AS DateTime), CAST(N'2020-09-06T00:00:00.000' AS DateTime), CAST(N'2020-11-06T00:00:00.000' AS DateTime), N'H006')
GO
INSERT [dbo].[BOOKINGS] ([BOOKING_ID], [CUST_ID], [ROOM_ID], [BOOKING_DATE], [DATE_IN], [DATE_OUT], [HOTEL_ID]) VALUES (N'B007', N'C007', N'R007', CAST(N'2020-09-07T00:00:00.000' AS DateTime), CAST(N'2020-10-07T00:00:00.000' AS DateTime), CAST(N'2020-12-07T00:00:00.000' AS DateTime), N'H007')
GO
INSERT [dbo].[BOOKINGS] ([BOOKING_ID], [CUST_ID], [ROOM_ID], [BOOKING_DATE], [DATE_IN], [DATE_OUT], [HOTEL_ID]) VALUES (N'B008', N'C008', N'R008', CAST(N'2020-10-08T00:00:00.000' AS DateTime), CAST(N'2020-11-08T00:00:00.000' AS DateTime), CAST(N'2020-12-08T00:00:00.000' AS DateTime), N'H008')
GO
INSERT [dbo].[BOOKINGS] ([BOOKING_ID], [CUST_ID], [ROOM_ID], [BOOKING_DATE], [DATE_IN], [DATE_OUT], [HOTEL_ID]) VALUES (N'B009', N'C009', N'R009', CAST(N'2020-11-09T00:00:00.000' AS DateTime), CAST(N'2020-12-09T00:00:00.000' AS DateTime), CAST(N'2020-11-09T00:00:00.000' AS DateTime), N'H009')
GO
INSERT [dbo].[BOOKINGS] ([BOOKING_ID], [CUST_ID], [ROOM_ID], [BOOKING_DATE], [DATE_IN], [DATE_OUT], [HOTEL_ID]) VALUES (N'B010', N'C010', N'R010', CAST(N'2020-12-10T00:00:00.000' AS DateTime), CAST(N'2020-12-10T00:00:00.000' AS DateTime), CAST(N'2020-12-10T00:00:00.000' AS DateTime), N'H010')
GO
INSERT [dbo].[BOOKINGS] ([BOOKING_ID], [CUST_ID], [ROOM_ID], [BOOKING_DATE], [DATE_IN], [DATE_OUT], [HOTEL_ID]) VALUES (N'B011', N'C011', N'R011', CAST(N'2020-12-10T00:00:00.000' AS DateTime), CAST(N'2020-12-10T00:00:00.000' AS DateTime), CAST(N'2020-12-10T00:00:00.000' AS DateTime), N'H011')
GO
INSERT [dbo].[BOOKINGS] ([BOOKING_ID], [CUST_ID], [ROOM_ID], [BOOKING_DATE], [DATE_IN], [DATE_OUT], [HOTEL_ID]) VALUES (N'B012', N'C012', N'R012', CAST(N'2020-12-10T00:00:00.000' AS DateTime), CAST(N'2020-12-10T00:00:00.000' AS DateTime), CAST(N'2020-12-10T00:00:00.000' AS DateTime), N'H012')
GO

CREATE TABLE [dbo].[CUSTOMER](
	[CUST_ID] [varchar](50) NOT NULL,
	[FIRST_NAME] [varchar](50) NULL,
	[LAST_NAME] [varchar](50) NULL,
	[GENDER] [varchar](5) NULL,
	[PHONE_NO] [float] NULL,
	[E-MAIL] [varchar](50) NULL,
 CONSTRAINT [PK_CUSTOMER] PRIMARY KEY CLUSTERED 
(
	[CUST_ID] ASC
)WITH (PAD_INDEX = OFF, STATISTICS_NORECOMPUTE = OFF, IGNORE_DUP_KEY = OFF, ALLOW_ROW_LOCKS = ON, ALLOW_PAGE_LOCKS = ON, OPTIMIZE_FOR_SEQUENTIAL_KEY = OFF) ON [PRIMARY]
) ON [PRIMARY]
GO

INSERT [dbo].[CUSTOMER] ([CUST_ID], [FIRST_NAME], [LAST_NAME], [GENDER], [PHONE_NO], [E-MAIL]) VALUES (N'C001', N'ALFRED', N'DOPEMU', N'M', 9035821096, N'dopemu@gmail.com')
GO
INSERT [dbo].[CUSTOMER] ([CUST_ID], [FIRST_NAME], [LAST_NAME], [GENDER], [PHONE_NO], [E-MAIL]) VALUES (N'C002', N'DANIEL', N'MOMODU', N'M', 9134568900, N'daniel@gmail.com')
GO
INSERT [dbo].[CUSTOMER] ([CUST_ID], [FIRST_NAME], [LAST_NAME], [GENDER], [PHONE_NO], [E-MAIL]) VALUES (N'C003', N'JOHN', N'DARE', N'M', 9574784904, N'john@gmail.com')
GO
INSERT [dbo].[CUSTOMER] ([CUST_ID], [FIRST_NAME], [LAST_NAME], [GENDER], [PHONE_NO], [E-MAIL]) VALUES (N'C004', N'DAYO', N'DAMMY', N'M', 8090457398, N'dayo@gmail.com')
GO
INSERT [dbo].[CUSTOMER] ([CUST_ID], [FIRST_NAME], [LAST_NAME], [GENDER], [PHONE_NO], [E-MAIL]) VALUES (N'C005', N'TEMI', N'DOLAPO', N'M', 9034085960, N'temi@gmail.com')
GO
INSERT [dbo].[CUSTOMER] ([CUST_ID], [FIRST_NAME], [LAST_NAME], [GENDER], [PHONE_NO], [E-MAIL]) VALUES (N'C006', N'DORIS', N'DANLADI', N'M', 9278689890, N'doris@gmail.com')
GO
INSERT [dbo].[CUSTOMER] ([CUST_ID], [FIRST_NAME], [LAST_NAME], [GENDER], [PHONE_NO], [E-MAIL]) VALUES (N'C007', N'IBRU', N'SMITH', N'M', 8345869890, N'smith@gmail.com')
GO
INSERT [dbo].[CUSTOMER] ([CUST_ID], [FIRST_NAME], [LAST_NAME], [GENDER], [PHONE_NO], [E-MAIL]) VALUES (N'C008', N'GLADYS', N'MAGNET', N'F', 9834578793, N'magnet@gmail.com')
GO
INSERT [dbo].[CUSTOMER] ([CUST_ID], [FIRST_NAME], [LAST_NAME], [GENDER], [PHONE_NO], [E-MAIL]) VALUES (N'C009', N'JANET', N'SHOLA', N'M', 9753453456, N'janet@gmail.com')
GO
INSERT [dbo].[CUSTOMER] ([CUST_ID], [FIRST_NAME], [LAST_NAME], [GENDER], [PHONE_NO], [E-MAIL]) VALUES (N'C010', N'TITILOPE', N'DEDE', N'F', 9023456787, N'dede@gmail.com')
GO
INSERT [dbo].[CUSTOMER] ([CUST_ID], [FIRST_NAME], [LAST_NAME], [GENDER], [PHONE_NO], [E-MAIL]) VALUES (N'C011', N'TEMIDAYO', N'DINo', N'M', 9678958449, N'dino@gmail.com')
GO
INSERT [dbo].[CUSTOMER] ([CUST_ID], [FIRST_NAME], [LAST_NAME], [GENDER], [PHONE_NO], [E-MAIL]) VALUES (N'C012', N'TOLA', N'FRANK', N'F', 9876665543, N'frank@gmail.com')
GO

CREATE TABLE [dbo].[HOTEL](
	[HOTEL_ID] [varchar](50) NOT NULL,
	[HOTEL NAME] [varchar](50) NULL,
	[EMAIL ADDRESS] [varchar](50) NULL,
	[PHONE_NO] [float] NULL,
	[COUNTRY] [varchar](50) NULL,
	[BOOKING_ID] [varchar](50) NOT NULL,
	[CUST_ID] [varchar](50) NOT NULL,
 CONSTRAINT [PK_HOTEL] PRIMARY KEY CLUSTERED 
(
	[HOTEL_ID] ASC
)WITH (PAD_INDEX = OFF, STATISTICS_NORECOMPUTE = OFF, IGNORE_DUP_KEY = OFF, ALLOW_ROW_LOCKS = ON, ALLOW_PAGE_LOCKS = ON, OPTIMIZE_FOR_SEQUENTIAL_KEY = OFF) ON [PRIMARY]
) ON [PRIMARY]
GO

INSERT [dbo].[HOTEL] ([HOTEL_ID], [HOTEL NAME], [EMAIL ADDRESS], [PHONE_NO], [COUNTRY], [BOOKING_ID], [CUST_ID]) VALUES (N'H001', N'DESMOND AVENUE HOTEL', N'desmond@avenuehotel.com', 9035821096, N'NIGERIA', N'B001', N'C001')
GO
INSERT [dbo].[HOTEL] ([HOTEL_ID], [HOTEL NAME], [EMAIL ADDRESS], [PHONE_NO], [COUNTRY], [BOOKING_ID], [CUST_ID]) VALUES (N'H002', N'LACKDON DOCK HOTEL', N'lackdon@dockhotel.com', 9134568900, N'USA', N'B002', N'C002')
GO
INSERT [dbo].[HOTEL] ([HOTEL_ID], [HOTEL NAME], [EMAIL ADDRESS], [PHONE_NO], [COUNTRY], [BOOKING_ID], [CUST_ID]) VALUES (N'H003', N'PRESIDENTIAL SUITE HOTEL', N'pressidential@suitehotel.com', 9574784904, N'FRANCE', N'B003', N'C003')
GO
INSERT [dbo].[HOTEL] ([HOTEL_ID], [HOTEL NAME], [EMAIL ADDRESS], [PHONE_NO], [COUNTRY], [BOOKING_ID], [CUST_ID]) VALUES (N'H004', N'DOCKLAND HOTEL', N'dockland@docklandhotel.com', 8090457398, N'UK', N'B004', N'C004')
GO
INSERT [dbo].[HOTEL] ([HOTEL_ID], [HOTEL NAME], [EMAIL ADDRESS], [PHONE_NO], [COUNTRY], [BOOKING_ID], [CUST_ID]) VALUES (N'H005', N'REGINAL REGION HOTEL', N'regina@regionhotel.com', 9034085960, N'TOGO', N'B005', N'C005')
GO
INSERT [dbo].[HOTEL] ([HOTEL_ID], [HOTEL NAME], [EMAIL ADDRESS], [PHONE_NO], [COUNTRY], [BOOKING_ID], [CUST_ID]) VALUES (N'H006', N'KARINA DECK HOTEL', N'karina@deckhotel.com', 9278689890, N'GHANA', N'B006', N'C006')
GO
INSERT [dbo].[HOTEL] ([HOTEL_ID], [HOTEL NAME], [EMAIL ADDRESS], [PHONE_NO], [COUNTRY], [BOOKING_ID], [CUST_ID]) VALUES (N'H007', N'DIGIMA HILTON HOTEL', N'digima@hiltonhotel.com', 8345869890, N'EGYPT', N'B007', N'C007')
GO
INSERT [dbo].[HOTEL] ([HOTEL_ID], [HOTEL NAME], [EMAIL ADDRESS], [PHONE_NO], [COUNTRY], [BOOKING_ID], [CUST_ID]) VALUES (N'H008', N'PARKLANE HOTEL', N'pack@lanehotel.com', 9834578793, N'NIGERIA', N'B008', N'C008')
GO
INSERT [dbo].[HOTEL] ([HOTEL_ID], [HOTEL NAME], [EMAIL ADDRESS], [PHONE_NO], [COUNTRY], [BOOKING_ID], [CUST_ID]) VALUES (N'H009', N'TRACELAND HOTEL', N'trace@landhotel.com', 9753453456, N'CANADA', N'B009', N'C009')
GO
INSERT [dbo].[HOTEL] ([HOTEL_ID], [HOTEL NAME], [EMAIL ADDRESS], [PHONE_NO], [COUNTRY], [BOOKING_ID], [CUST_ID]) VALUES (N'H010', N'TRACKLAND HOTEL', N'track@land.com', 9023456787, N'ITALY', N'B010', N'C010')
GO
INSERT [dbo].[HOTEL] ([HOTEL_ID], [HOTEL NAME], [EMAIL ADDRESS], [PHONE_NO], [COUNTRY], [BOOKING_ID], [CUST_ID]) VALUES (N'H011', N'RACELAND HOTEL', N'race@land.com', 9678958449, N'NIGERIA', N'B011', N'C011')
GO
INSERT [dbo].[HOTEL] ([HOTEL_ID], [HOTEL NAME], [EMAIL ADDRESS], [PHONE_NO], [COUNTRY], [BOOKING_ID], [CUST_ID]) VALUES (N'H012', N'OBALAND MOCK HOTEL', N'obaland@mockhotel.com', 9876665543, N'FRANCE', N'B012', N'C012')
GO

CREATE TABLE [dbo].[PAYMENTSS](
	[PAYMENT_ID] [varchar](50) NOT NULL,
	[CUST_ID] [varchar](50) NOT NULL,
	[PAYMENT_DATE] [datetime] NULL,
 CONSTRAINT [PK_PAYMENTSS] PRIMARY KEY CLUSTERED 
(
	[PAYMENT_ID] ASC
)WITH (PAD_INDEX = OFF, STATISTICS_NORECOMPUTE = OFF, IGNORE_DUP_KEY = OFF, ALLOW_ROW_LOCKS = ON, ALLOW_PAGE_LOCKS = ON, OPTIMIZE_FOR_SEQUENTIAL_KEY = OFF) ON [PRIMARY]
) ON [PRIMARY]
GO
INSERT [dbo].[PAYMENTSS] ([PAYMENT_ID], [CUST_ID], [PAYMENT_DATE]) VALUES (N'P001', N'C001', CAST(N'2021-03-01T00:00:00.000' AS DateTime))
GO
INSERT [dbo].[PAYMENTSS] ([PAYMENT_ID], [CUST_ID], [PAYMENT_DATE]) VALUES (N'P002', N'C002', CAST(N'2021-03-02T00:00:00.000' AS DateTime))
GO
INSERT [dbo].[PAYMENTSS] ([PAYMENT_ID], [CUST_ID], [PAYMENT_DATE]) VALUES (N'P003', N'C003', CAST(N'2021-03-03T00:00:00.000' AS DateTime))
GO
INSERT [dbo].[PAYMENTSS] ([PAYMENT_ID], [CUST_ID], [PAYMENT_DATE]) VALUES (N'P004', N'C004', CAST(N'2021-03-04T00:00:00.000' AS DateTime))
GO
INSERT [dbo].[PAYMENTSS] ([PAYMENT_ID], [CUST_ID], [PAYMENT_DATE]) VALUES (N'P005', N'C005', CAST(N'2021-03-05T00:00:00.000' AS DateTime))
GO
INSERT [dbo].[PAYMENTSS] ([PAYMENT_ID], [CUST_ID], [PAYMENT_DATE]) VALUES (N'P006', N'C006', CAST(N'2021-03-06T00:00:00.000' AS DateTime))
GO
INSERT [dbo].[PAYMENTSS] ([PAYMENT_ID], [CUST_ID], [PAYMENT_DATE]) VALUES (N'P007', N'C007', CAST(N'2021-03-07T00:00:00.000' AS DateTime))
GO
INSERT [dbo].[PAYMENTSS] ([PAYMENT_ID], [CUST_ID], [PAYMENT_DATE]) VALUES (N'P008', N'C008', CAST(N'2021-03-08T00:00:00.000' AS DateTime))
GO
INSERT [dbo].[PAYMENTSS] ([PAYMENT_ID], [CUST_ID], [PAYMENT_DATE]) VALUES (N'P009', N'C009', CAST(N'2021-03-09T00:00:00.000' AS DateTime))
GO
INSERT [dbo].[PAYMENTSS] ([PAYMENT_ID], [CUST_ID], [PAYMENT_DATE]) VALUES (N'P010', N'C010', CAST(N'2021-03-10T00:00:00.000' AS DateTime))
GO
INSERT [dbo].[PAYMENTSS] ([PAYMENT_ID], [CUST_ID], [PAYMENT_DATE]) VALUES (N'P011', N'C011', CAST(N'2021-03-11T00:00:00.000' AS DateTime))
GO
INSERT [dbo].[PAYMENTSS] ([PAYMENT_ID], [CUST_ID], [PAYMENT_DATE]) VALUES (N'P012', N'C012', CAST(N'2021-03-12T00:00:00.000' AS DateTime))
GO

CREATE TABLE [dbo].[RESERVATION](
	[RES_ID] [varchar](50) NOT NULL,
	[CHECK_IN_DATE] [datetime] NULL,
	[CHECK_OUT_DATE] [datetime] NULL,
	[CUSTOMER_ID] [varchar](50) NOT NULL,
	[BOOKING_ID] [varchar](50) NOT NULL,
	[ROOM_ID] [varchar](50) NOT NULL,
 CONSTRAINT [PK_RESERVATION] PRIMARY KEY CLUSTERED 
(
	[RES_ID] ASC
)WITH (PAD_INDEX = OFF, STATISTICS_NORECOMPUTE = OFF, IGNORE_DUP_KEY = OFF, ALLOW_ROW_LOCKS = ON, ALLOW_PAGE_LOCKS = ON, OPTIMIZE_FOR_SEQUENTIAL_KEY = OFF) ON [PRIMARY]
) ON [PRIMARY]
GO



INSERT [dbo].[RESERVATION] ([RES_ID], [CHECK_IN_DATE], [CHECK_OUT_DATE], [CUSTOMER_ID], [BOOKING_ID], [ROOM_ID]) VALUES (N'RS001', CAST(N'2021-03-01T00:00:00.000' AS DateTime), CAST(N'2021-03-01T00:00:00.000' AS DateTime), N'C001', N'B001', N'R001')
GO
INSERT [dbo].[RESERVATION] ([RES_ID], [CHECK_IN_DATE], [CHECK_OUT_DATE], [CUSTOMER_ID], [BOOKING_ID], [ROOM_ID]) VALUES (N'RS002', CAST(N'2021-03-02T00:00:00.000' AS DateTime), CAST(N'2021-03-02T00:00:00.000' AS DateTime), N'C002', N'B002', N'R002')
GO
INSERT [dbo].[RESERVATION] ([RES_ID], [CHECK_IN_DATE], [CHECK_OUT_DATE], [CUSTOMER_ID], [BOOKING_ID], [ROOM_ID]) VALUES (N'RS003', CAST(N'2021-03-03T00:00:00.000' AS DateTime), CAST(N'2021-03-03T00:00:00.000' AS DateTime), N'C003', N'B003', N'R003')
GO
INSERT [dbo].[RESERVATION] ([RES_ID], [CHECK_IN_DATE], [CHECK_OUT_DATE], [CUSTOMER_ID], [BOOKING_ID], [ROOM_ID]) VALUES (N'RS004', CAST(N'2021-03-04T00:00:00.000' AS DateTime), CAST(N'2021-03-04T00:00:00.000' AS DateTime), N'C004', N'B004', N'R004')
GO
INSERT [dbo].[RESERVATION] ([RES_ID], [CHECK_IN_DATE], [CHECK_OUT_DATE], [CUSTOMER_ID], [BOOKING_ID], [ROOM_ID]) VALUES (N'RS005', CAST(N'2021-03-05T00:00:00.000' AS DateTime), CAST(N'2021-03-05T00:00:00.000' AS DateTime), N'C005', N'B005', N'R005')
GO
INSERT [dbo].[RESERVATION] ([RES_ID], [CHECK_IN_DATE], [CHECK_OUT_DATE], [CUSTOMER_ID], [BOOKING_ID], [ROOM_ID]) VALUES (N'RS006', CAST(N'2021-03-06T00:00:00.000' AS DateTime), CAST(N'2021-03-06T00:00:00.000' AS DateTime), N'C006', N'B006', N'R006')
GO
INSERT [dbo].[RESERVATION] ([RES_ID], [CHECK_IN_DATE], [CHECK_OUT_DATE], [CUSTOMER_ID], [BOOKING_ID], [ROOM_ID]) VALUES (N'RS007', CAST(N'2021-03-07T00:00:00.000' AS DateTime), CAST(N'2021-03-07T00:00:00.000' AS DateTime), N'C007', N'B007', N'R007')
GO
INSERT [dbo].[RESERVATION] ([RES_ID], [CHECK_IN_DATE], [CHECK_OUT_DATE], [CUSTOMER_ID], [BOOKING_ID], [ROOM_ID]) VALUES (N'RS008', CAST(N'2021-03-08T00:00:00.000' AS DateTime), CAST(N'2021-03-08T00:00:00.000' AS DateTime), N'C008', N'B008', N'R008')
GO
INSERT [dbo].[RESERVATION] ([RES_ID], [CHECK_IN_DATE], [CHECK_OUT_DATE], [CUSTOMER_ID], [BOOKING_ID], [ROOM_ID]) VALUES (N'RS009', CAST(N'2021-03-09T00:00:00.000' AS DateTime), CAST(N'2021-03-09T00:00:00.000' AS DateTime), N'C009', N'B009', N'R009')
GO
INSERT [dbo].[RESERVATION] ([RES_ID], [CHECK_IN_DATE], [CHECK_OUT_DATE], [CUSTOMER_ID], [BOOKING_ID], [ROOM_ID]) VALUES (N'RS010', CAST(N'2021-03-10T00:00:00.000' AS DateTime), CAST(N'2021-03-10T00:00:00.000' AS DateTime), N'C010', N'B010', N'R010')
GO
INSERT [dbo].[RESERVATION] ([RES_ID], [CHECK_IN_DATE], [CHECK_OUT_DATE], [CUSTOMER_ID], [BOOKING_ID], [ROOM_ID]) VALUES (N'RS011', CAST(N'2021-03-11T00:00:00.000' AS DateTime), CAST(N'2021-03-11T00:00:00.000' AS DateTime), N'C011', N'B011', N'R011')
GO
INSERT [dbo].[RESERVATION] ([RES_ID], [CHECK_IN_DATE], [CHECK_OUT_DATE], [CUSTOMER_ID], [BOOKING_ID], [ROOM_ID]) VALUES (N'RS012', CAST(N'2021-03-12T00:00:00.000' AS DateTime), CAST(N'2021-03-12T00:00:00.000' AS DateTime), N'C012', N'B012', N'R012')
GO


CREATE TABLE [dbo].[ROOMS](
	[ROOM_ID] [varchar](50) NOT NULL,
	[ROOM_TYPE] [varchar](50) NULL,
	[ROOM_NO] [float] NULL,
	[ROOM STATUS] [varchar](50) NULL,
	[BOOKING_ID] [varchar](50) NOT NULL,
	[CUST_ID] [varchar](50) NOT NULL,
	[HOTEL_ID] [varchar](50) NOT NULL,
 CONSTRAINT [PK_ROOMS] PRIMARY KEY CLUSTERED 
(
	[ROOM_ID] ASC
)WITH (PAD_INDEX = OFF, STATISTICS_NORECOMPUTE = OFF, IGNORE_DUP_KEY = OFF, ALLOW_ROW_LOCKS = ON, ALLOW_PAGE_LOCKS = ON, OPTIMIZE_FOR_SEQUENTIAL_KEY = OFF) ON [PRIMARY]
) ON [PRIMARY]
GO
INSERT [dbo].[ROOMS] ([ROOM_ID], [ROOM_TYPE], [ROOM_NO], [ROOM STATUS], [BOOKING_ID], [CUST_ID], [HOTEL_ID]) VALUES (N'R001', N'DOUBLE', 1, N'OCCUPIED', N'B001', N'C001', N'H001')
GO
INSERT [dbo].[ROOMS] ([ROOM_ID], [ROOM_TYPE], [ROOM_NO], [ROOM STATUS], [BOOKING_ID], [CUST_ID], [HOTEL_ID]) VALUES (N'R002', N'DOUBLE', 2, N'OCCUPIED', N'B002', N'C002', N'H002')
GO
INSERT [dbo].[ROOMS] ([ROOM_ID], [ROOM_TYPE], [ROOM_NO], [ROOM STATUS], [BOOKING_ID], [CUST_ID], [HOTEL_ID]) VALUES (N'R003', N'SINGLE', 3, N'VACANT', N'B003', N'C003', N'H003')
GO
INSERT [dbo].[ROOMS] ([ROOM_ID], [ROOM_TYPE], [ROOM_NO], [ROOM STATUS], [BOOKING_ID], [CUST_ID], [HOTEL_ID]) VALUES (N'R004', N'SINGLE', 4, N'VACANT', N'B004', N'C004', N'H004')
GO
INSERT [dbo].[ROOMS] ([ROOM_ID], [ROOM_TYPE], [ROOM_NO], [ROOM STATUS], [BOOKING_ID], [CUST_ID], [HOTEL_ID]) VALUES (N'R005', N'DOUBLE', 5, N'OCCUPIED', N'B005', N'C005', N'H005')
GO
INSERT [dbo].[ROOMS] ([ROOM_ID], [ROOM_TYPE], [ROOM_NO], [ROOM STATUS], [BOOKING_ID], [CUST_ID], [HOTEL_ID]) VALUES (N'R006', N'DOUBLE', 6, N'OCCUPIED', N'B006', N'C006', N'H006')
GO
INSERT [dbo].[ROOMS] ([ROOM_ID], [ROOM_TYPE], [ROOM_NO], [ROOM STATUS], [BOOKING_ID], [CUST_ID], [HOTEL_ID]) VALUES (N'R007', N'SINGLE', 7, N'VACANT', N'B007', N'C007', N'H007')
GO
INSERT [dbo].[ROOMS] ([ROOM_ID], [ROOM_TYPE], [ROOM_NO], [ROOM STATUS], [BOOKING_ID], [CUST_ID], [HOTEL_ID]) VALUES (N'R008', N'SINGLE', 8, N'VACANT', N'B008', N'C008', N'H008')
GO
INSERT [dbo].[ROOMS] ([ROOM_ID], [ROOM_TYPE], [ROOM_NO], [ROOM STATUS], [BOOKING_ID], [CUST_ID], [HOTEL_ID]) VALUES (N'R009', N'DOUBLE', 9, N'OCCUPIED', N'B009', N'C009', N'H009')
GO
INSERT [dbo].[ROOMS] ([ROOM_ID], [ROOM_TYPE], [ROOM_NO], [ROOM STATUS], [BOOKING_ID], [CUST_ID], [HOTEL_ID]) VALUES (N'R010', N'DOUBLE', 10, N'OCCUPIED', N'B010', N'C010', N'H010')
GO
INSERT [dbo].[ROOMS] ([ROOM_ID], [ROOM_TYPE], [ROOM_NO], [ROOM STATUS], [BOOKING_ID], [CUST_ID], [HOTEL_ID]) VALUES (N'R011', N'SINGLE', 11, N'OCCUPIED', N'B011', N'C011', N'H011')
GO
INSERT [dbo].[ROOMS] ([ROOM_ID], [ROOM_TYPE], [ROOM_NO], [ROOM STATUS], [BOOKING_ID], [CUST_ID], [HOTEL_ID]) VALUES (N'R012', N'SINGLE', 12, N'VACANT', N'B012', N'C012', N'H012')
GO


CREATE TABLE [dbo].[TRANSACTIONS](
	[TRANS_ID] [varchar](50) NOT NULL,
	[CUST_ID] [varchar](50) NOT NULL,
	[PAYMENT_ID] [varchar](50) NOT NULL,
	[RESERVATION_ID] [varchar](50) NOT NULL,
 CONSTRAINT [PK_TRANSACTIONS] PRIMARY KEY CLUSTERED 
(
	[TRANS_ID] ASC
)WITH (PAD_INDEX = OFF, STATISTICS_NORECOMPUTE = OFF, IGNORE_DUP_KEY = OFF, ALLOW_ROW_LOCKS = ON, ALLOW_PAGE_LOCKS = ON, OPTIMIZE_FOR_SEQUENTIAL_KEY = OFF) ON [PRIMARY]
) ON [PRIMARY]
GO

INSERT [dbo].[TRANSACTIONS] ([TRANS_ID], [CUST_ID], [PAYMENT_ID], [RESERVATION_ID]) VALUES (N'T001', N'C001', N'P001', N'RS001')
GO
INSERT [dbo].[TRANSACTIONS] ([TRANS_ID], [CUST_ID], [PAYMENT_ID], [RESERVATION_ID]) VALUES (N'T002', N'C002', N'P002', N'RS002')
GO
INSERT [dbo].[TRANSACTIONS] ([TRANS_ID], [CUST_ID], [PAYMENT_ID], [RESERVATION_ID]) VALUES (N'T003', N'C003', N'P003', N'RS003')
GO
INSERT [dbo].[TRANSACTIONS] ([TRANS_ID], [CUST_ID], [PAYMENT_ID], [RESERVATION_ID]) VALUES (N'T004', N'C004', N'P004', N'RS004')
GO
INSERT [dbo].[TRANSACTIONS] ([TRANS_ID], [CUST_ID], [PAYMENT_ID], [RESERVATION_ID]) VALUES (N'T005', N'C005', N'P005', N'RS005')
GO
INSERT [dbo].[TRANSACTIONS] ([TRANS_ID], [CUST_ID], [PAYMENT_ID], [RESERVATION_ID]) VALUES (N'T006', N'C006', N'P006', N'RS006')
GO
INSERT [dbo].[TRANSACTIONS] ([TRANS_ID], [CUST_ID], [PAYMENT_ID], [RESERVATION_ID]) VALUES (N'T007', N'C007', N'P007', N'RS007')
GO
INSERT [dbo].[TRANSACTIONS] ([TRANS_ID], [CUST_ID], [PAYMENT_ID], [RESERVATION_ID]) VALUES (N'T008', N'C008', N'P008', N'RS008')
GO
INSERT [dbo].[TRANSACTIONS] ([TRANS_ID], [CUST_ID], [PAYMENT_ID], [RESERVATION_ID]) VALUES (N'T009', N'C009', N'P009', N'RS009')
GO
INSERT [dbo].[TRANSACTIONS] ([TRANS_ID], [CUST_ID], [PAYMENT_ID], [RESERVATION_ID]) VALUES (N'T010', N'C010', N'P010', N'RS010')
GO
INSERT [dbo].[TRANSACTIONS] ([TRANS_ID], [CUST_ID], [PAYMENT_ID], [RESERVATION_ID]) VALUES (N'T011', N'C011', N'P011', N'RS011')
GO
INSERT [dbo].[TRANSACTIONS] ([TRANS_ID], [CUST_ID], [PAYMENT_ID], [RESERVATION_ID]) VALUES (N'T012', N'C012', N'P012', N'RS012')
GO
a